"Tweet author","Tweet ID","Date posted","Tweet text",URL,Retweets,Favorited,Source
joaogoulart54,"ID 1171222507669659649","Tue Sep 10 00:43:00 +0000 2019","@rogerio_cla √â, pior ainda e √© a h√©rnia de inc√≥gnita.",https://twitter.com/joaogoulart54/statuses/1171222507669659649,0,1,"Twitter for Android"
joaogoulart54,"ID 1143624034267082753","Tue Jun 25 20:56:31 +0000 2019","@BettyClaro Acho √≥timo para incluirmos o O1, o 02 e o 03.",https://twitter.com/joaogoulart54/statuses/1143624034267082753,0,5,"Twitter for Android"
joaogoulart54,"ID 1124322301493829632","Fri May 03 14:38:20 +0000 2019","√â um horror, at√© quando o povo estar√° sob essa tutela?",https://twitter.com/joaogoulart54/statuses/1124322301493829632,18,135,"Twitter Web App"
joaogoulart54,"ID 1067783411157397505","Wed Nov 28 14:12:58 +0000 2018","Eu avisei!!!
N√£o bato contin√™ncia para a bandeira Americana!

Submiss√£o do Brasil a Trump abre crise com Mour√£o e com agroneg√≥cio https://t.co/J0hwdOTPH3 via @brasil247",https://twitter.com/joaogoulart54/statuses/1067783411157397505,8,36,"Twitter for Android"
joaogoulart54,"ID 1067495205132267523","Tue Nov 27 19:07:44 +0000 2018","PPL e PCdoB anunciam unidade em defesa da democracia, dos direitos do povo e da soberania nacional https://t.co/SFHfrs3GaN",https://twitter.com/joaogoulart54/statuses/1067495205132267523,13,47,"Twitter for Android"
joaogoulart54,"ID 1065756263789862912","Thu Nov 22 23:57:48 +0000 2018","Jango merece um Memorial em Bras√≠lia! https://t.co/vreyQee8DZ via @ConversaAfiada",https://twitter.com/joaogoulart54/statuses/1065756263789862912,6,36,"Twitter for Android"
joaogoulart54,"ID 1064940494780858370","Tue Nov 20 17:56:14 +0000 2018","Parab√©ns ao @ECBahia pela homenagem ao Dia da Consci√™ncia Negra.",https://twitter.com/joaogoulart54/statuses/1064940494780858370,2,18,"Twitter for Android"
joaogoulart54,"ID 1063028905320292355","Thu Nov 15 11:20:15 +0000 2018","Bolsonaro conseguiu aumentar d√©ficit de m√©dicos sem nem ao menos ter assumido. üëèüèºüëèüèºüëèüèº",https://twitter.com/joaogoulart54/statuses/1063028905320292355,73,354,"Twitter for Android"
joaogoulart54,"ID 1060665287475900417","Thu Nov 08 22:48:05 +0000 2018",https://t.co/LYzItTT3ar,https://twitter.com/joaogoulart54/statuses/1060665287475900417,7,20,"Twitter for Android"
joaogoulart54,"ID 1060307590217953280","Wed Nov 07 23:06:43 +0000 2018","@correio Que tal colocar nome de AI-5 ?",https://twitter.com/joaogoulart54/statuses/1060307590217953280,0,10,"Twitter for Android"
joaogoulart54,"ID 1057105855311740928","Tue Oct 30 03:04:10 +0000 2018",https://t.co/mOQXsk5JBo,https://twitter.com/joaogoulart54/statuses/1057105855311740928,15,178,"Twitter for Android"
joaogoulart54,"ID 1052678073081110528","Wed Oct 17 21:49:45 +0000 2018","RT @Haddad_Fernando: @jairbolsonaro Antes dizia o que pensava, e agora evita pra n√£o perder voto. Por isso n√£o quer debater. https://t.co/p‚Ä¶",https://twitter.com/joaogoulart54/statuses/1052678073081110528,2942,0,"Twitter for Android"
joaogoulart54,"ID 1050057421702529024","Wed Oct 10 16:16:13 +0000 2018","@eibeijosmeliga Obrigado!!!!",https://twitter.com/joaogoulart54/statuses/1050057421702529024,0,5,"Twitter for Android"
joaogoulart54,"ID 1050053444776660992","Wed Oct 10 16:00:24 +0000 2018","Pq ser√°??? https://t.co/P51U1wiTUv",https://twitter.com/joaogoulart54/statuses/1050053444776660992,28,109,"Twitter for Android"
joaogoulart54,"ID 1050053255236063232","Wed Oct 10 15:59:39 +0000 2018","RT @cartacapital: Mentor econ√¥mico de Jair Bolsonaro (PSL), Paulo Geudes, o ""posto Ipiranga"", √© investigado por suposto desvio de um 1 bilh‚Ä¶",https://twitter.com/joaogoulart54/statuses/1050053255236063232,1486,0,"Twitter for Android"
joaogoulart54,"ID 1050053182347464711","Wed Oct 10 15:59:22 +0000 2018","RT @SCaldieri: Guru da ultra-direita mundial e ex-assessor de Trump atua na campanha das redes sociais de Bolsonaro | Revista F√≥rum https:/‚Ä¶",https://twitter.com/joaogoulart54/statuses/1050053182347464711,6,0,"Twitter for Android"
joaogoulart54,"ID 1048626095954833409","Sat Oct 06 17:28:38 +0000 2018","Pe√ßo o seu voto no 54 de cima a baixo para conquistarmos uma P√°tria Livre e Soberana!",https://twitter.com/joaogoulart54/statuses/1048626095954833409,24,78,"Twitter for Android"
joaogoulart54,"ID 1047330335439163392","Wed Oct 03 03:39:45 +0000 2018","O que n√≥s defendemos para a Previd√™ncia √© o fim do Fator Previdenci√°rio e do modelo 85/95, instrumentos criados para reduzir as aposentadorias. Vamos revogar essas medidas, criadas nos governos FHC, Lula, Dilma e Temer!",https://twitter.com/joaogoulart54/statuses/1047330335439163392,11,52,"Twitter for Android"
joaogoulart54,"ID 1047203869418295296","Tue Oct 02 19:17:13 +0000 2018","√â lament√°vel a nova cr√≠tica do vice de Bolsonaro ao 13¬∫ sal√°rio. Segundo Mour√£o, com ele (o 13¬∫) ‚Äútodos sa√≠mos prejudicados‚Äù. Mais uma prova de seu posicionamento elitista, que favorece os mais ricos em detrimento do povo.",https://twitter.com/joaogoulart54/statuses/1047203869418295296,35,123,"Twitter for Android"
joaogoulart54,"ID 1046483860823973890","Sun Sep 30 19:36:09 +0000 2018","Parab√©ns √†s mulheres brasileiras que deram ontem uma vigorosa demonstra√ß√£o de que n√£o querem o retrocesso. O Brasil quer caminhar para a frente. P√°tria Livre, venceremos!",https://twitter.com/joaogoulart54/statuses/1046483860823973890,21,119,"Twitter for Android"
joaogoulart54,"ID 1046483086442139648","Sun Sep 30 19:33:05 +0000 2018","Obrigado aos moradores de Ceil√¢ndia e √† comunidade de Itapo√£ por nos receber t√£o bem.

Agrade√ßo ainda a cada um que participou de nossa carreata em Bras√≠lia. Juntos vamos construir um Brasil mais justo e igualit√°rio!

Avante, P√°tria Livre! https://t.co/kk9lGrud25",https://twitter.com/joaogoulart54/statuses/1046483086442139648,5,24,"Twitter for Android"
joaogoulart54,"ID 1046399194561433601","Sun Sep 30 13:59:43 +0000 2018","Este governo entreguista e sem legitimidade consumou a entrega de campos de petr√≥leo do Pr√©-Sal para as multinacionais. A Shell, Shevron e BP fincaram suas garras na regi√£o para sugar o nosso petr√≥leo. O Brasil n√£o aceita essa trai√ß√£o!",https://twitter.com/joaogoulart54/statuses/1046399194561433601,16,82,"Twitter for Android"
joaogoulart54,"ID 1046124733572554753","Sat Sep 29 19:49:07 +0000 2018","Temos que enfrentar esse modelo econ√¥mico que transformou o Brasil em escravo do sistema financeiro. Nosso caminho √© o da produ√ß√£o e da valoriza√ß√£o dos sal√°rios. https://t.co/1EVz4uk3ew",https://twitter.com/joaogoulart54/statuses/1046124733572554753,8,41,"Twitter for Android"
joaogoulart54,"ID 1045358199111667712","Thu Sep 27 17:03:11 +0000 2018","Al√©m de propor aumento de impostos para os mais pobres, o vice de Bolsonaro quer acabar com o d√©cimo terceiro sal√°rio. O 13¬∞ foi uma cria√ß√£o do governo Jango.",https://twitter.com/joaogoulart54/statuses/1045358199111667712,268,1150,"Twitter for Android"
joaogoulart54,"ID 1045300207402061825","Thu Sep 27 13:12:44 +0000 2018","Gostaria de agradecer aos amigos do @casseta e do @minutosilencio por ter a possibilidade de debater as ideias sobre um Brasil melhor de forma leve e sem papas na l√≠ngua.",https://twitter.com/joaogoulart54/statuses/1045300207402061825,13,92,"Twitter for Android"
joaogoulart54,"ID 1045105115445768195","Thu Sep 27 00:17:31 +0000 2018",https://t.co/MwvRJBrdgE,https://twitter.com/joaogoulart54/statuses/1045105115445768195,11,42,"Twitter for Android"
joaogoulart54,"ID 1044764445300445185","Wed Sep 26 01:43:49 +0000 2018","Falei hoje a estudantes da UNICAMP sobre os males que a ditadura fez ao Brasil e discuti os caminhos da luta de liberta√ß√£o nacional. Ditadura nunca mais! https://t.co/dGVWiC6wc8",https://twitter.com/joaogoulart54/statuses/1044764445300445185,16,91,"Twitter for Android"
joaogoulart54,"ID 1044687528610156550","Tue Sep 25 20:38:10 +0000 2018","O governo pretende vender mais um peda√ßo do nosso Pr√©-Sal para as multinacionais. Marcaram leil√£o para sexta-feira. Isso √© um crime contra a nossa P√°tria. √â o nosso petr√≥leo que est√° sendo roubado. Vamos reverter todas essas negociatas!",https://twitter.com/joaogoulart54/statuses/1044687528610156550,14,48,"Twitter for Android"
joaogoulart54,"ID 1044646713192054784","Tue Sep 25 17:55:59 +0000 2018",https://t.co/A8AxKdYaPa,https://twitter.com/joaogoulart54/statuses/1044646713192054784,9,28,"Twitter for Android"
joaogoulart54,"ID 1044646237000134656","Tue Sep 25 17:54:06 +0000 2018","√â fora de prop√≥sito defender aumento de impostos para pobres e redu√ß√£o para os ricos como quer Jair Bolsonaro. Temos que fazer exatamente o inverso, al√©m de aumentar o sal√°rio m√≠nimo.",https://twitter.com/joaogoulart54/statuses/1044646237000134656,15,38,"Twitter for Android"
joaogoulart54,"ID 1044597945625178112","Tue Sep 25 14:42:12 +0000 2018","Temos que enfrentar esse modelo econ√¥mico que transformou o Brasil em escravo do sistema financeiro. Nosso caminho √© o da produ√ß√£o e da valoriza√ß√£o dos sal√°rios",https://twitter.com/joaogoulart54/statuses/1044597945625178112,11,46,"Twitter for Android"
joaogoulart54,"ID 1044183304004669440","Mon Sep 24 11:14:34 +0000 2018","Vamos juntos libertar o Brasil! https://t.co/enrSI6XWHv",https://twitter.com/joaogoulart54/statuses/1044183304004669440,9,24,"Twitter for Android"
joaogoulart54,"ID 1044174041148534784","Mon Sep 24 10:37:45 +0000 2018","Ampliar o mercado interno com aumento do sal√°rio m√≠nimo! https://t.co/kwJ8EzztMa",https://twitter.com/joaogoulart54/statuses/1044174041148534784,11,45,"Twitter for Android"
joaogoulart54,"ID 1044008625688236032","Sun Sep 23 23:40:27 +0000 2018","Para distribuir a renda tem que aumentar o sal√°rio m√≠nimo. O ""bolsa fam√≠lia do Haddad e o ""nome limpo"" do Ciro n√£o resolvem o problema. Nosso compromisso √© duplicar o sal√°rio m√≠nimo em quatro anos.",https://twitter.com/joaogoulart54/statuses/1044008625688236032,15,53,"Twitter for Android"
joaogoulart54,"ID 1043700773442478080","Sun Sep 23 03:17:10 +0000 2018","Fiquem atentos. Quem prop√µe mudar a Previd√™ncia Social para o sistema de capitaliza√ß√£o, est√° querendo privatizar o INSS. Eu defendo a Previd√™ncia P√∫blica!",https://twitter.com/joaogoulart54/statuses/1043700773442478080,18,50,"Twitter for Android"
joaogoulart54,"ID 1043501369657839617","Sat Sep 22 14:04:48 +0000 2018","O Brasil √© o nono pa√≠s mais desigual do mundo. Vamos enfrentar esse problema aumentando o sal√°rio m√≠nimo. Elevar impostos para os mais pobres, como quer Bolsonaro, √© um desastre!",https://twitter.com/joaogoulart54/statuses/1043501369657839617,24,108,"Twitter for Android"
joaogoulart54,"ID 1043165678117838850","Fri Sep 21 15:50:53 +0000 2018","S√≥ se fala em ajustes. H√° 20 anos eles v√™m tirando direitos dos trabalhadores e o pa√≠s s√≥ afunda. Chega! √â hora de mudar. Aumentar o sal√°rio m√≠nimo e ampliar o mercado interno. Essa √© a √∫nica sa√≠da!",https://twitter.com/joaogoulart54/statuses/1043165678117838850,14,45,"Twitter for Android"
joaogoulart54,"ID 1042823332238905344","Thu Sep 20 17:10:31 +0000 2018","A Previd√™ncia tem que ser p√∫blica e tripartite. Capitaliza√ß√£o √© um sistema em que os bancos especulam com o dinheiro dos aposentados. Onde isso foi implantado, foi um desastre!",https://twitter.com/joaogoulart54/statuses/1042823332238905344,14,39,"Twitter for Android"
joaogoulart54,"ID 1042400717431074816","Wed Sep 19 13:11:12 +0000 2018","Brasil cai 17 posi√ß√µes em ranking de IDH, de acordo com os √≠ndices de desigualdade. Os dados s√£o da √∫ltima pesquisa Pnud. A posi√ß√£o do pa√≠s √© vexat√≥ria. O Brasil √© o nono pa√≠s mais desigual do mundo. Distribui√ß√£o de renda j√°!",https://twitter.com/joaogoulart54/statuses/1042400717431074816,20,54,"Twitter for Android"
joaogoulart54,"ID 1042198546924093440","Tue Sep 18 23:47:51 +0000 2018","O meu sincero apoio √†s m√£es e av√≥s, grandes s√≠mbolos de for√ßa, coragem e perseveran√ßa. Sem sombra de d√∫vidas, voc√™s engrandecem o Brasil e merecem todo meu respeito e admira√ß√£o.",https://twitter.com/joaogoulart54/statuses/1042198546924093440,30,94,"Twitter for Android"
joaogoulart54,"ID 1042001926223790080","Tue Sep 18 10:46:33 +0000 2018","N√£o posso concordar, e tenho certeza, que os militares brasileiros tamb√©m n√£o aceitam, a entrega da Base de Alc√¢ntara para os Estados Unidos da Am√©rica",https://twitter.com/joaogoulart54/statuses/1042001926223790080,19,74,"Twitter for Android"
joaogoulart54,"ID 1041338915121242112","Sun Sep 16 14:51:59 +0000 2018","A atitude do ministro Gilmar Mendes, do STF, de soltar Beto Richa, envergonha o Brasil.",https://twitter.com/joaogoulart54/statuses/1041338915121242112,13,40,"Twitter for Android"
joaogoulart54,"ID 1040968780510310402","Sat Sep 15 14:21:12 +0000 2018","Infelizmente n√£o poderei participar da conversa pelo Twitter na segunda-feira, conforme hav√≠amos anunciado. Continuem nos acompanhando pelas redes sociais. Um abra√ßo!",https://twitter.com/joaogoulart54/statuses/1040968780510310402,5,33,"Twitter for Android"
joaogoulart54,"ID 1040579358056951812","Fri Sep 14 12:33:46 +0000 2018","Na CBN: Vamos dobrar o sal√°rio m√≠nimo. Isso vai reaquecer a economia, movimentar o mercado interno, gerar consumo e arrecada√ß√£o de impostos para as prefeituras quebradas. N√£o aceitamos essa conversa de crescer o bolo para s√≥ depois dividir",https://twitter.com/joaogoulart54/statuses/1040579358056951812,17,45,"Twitter for Android"
joaogoulart54,"ID 1040558447929044992","Fri Sep 14 11:10:41 +0000 2018",https://t.co/MMRM7Ls1ps,https://twitter.com/joaogoulart54/statuses/1040558447929044992,5,16,"Twitter for Android"
joaogoulart54,"ID 1040253509357252608","Thu Sep 13 14:58:58 +0000 2018","Vou fazer a Reforma Agr√°ria! At√© agora, o que houve foi uma mera pol√≠tica de assentamentos. A m√©dia anual de FHC foi de 67 mil; do Lula foram 76 mil e, com Dilma, despencou para 27 mil. Nesse ritmo, a reforma agr√°ria levaria 64 anos para ser feita. Vamos faz√™-la em 4 anos!",https://twitter.com/joaogoulart54/statuses/1040253509357252608,14,39,"Twitter Web Client"
joaogoulart54,"ID 1040236490511577088","Thu Sep 13 13:51:20 +0000 2018","‚ÄúMe surpreende que uma crise t√£o grave n√£o seja debatida seriamente nestas elei√ß√µes.  Ciro, Haddad e Marina at√© falam em desigualdade social, mas, na hora de propor solu√ß√£o, nenhum deles defende elevar sal√°rio. √â estranho, porque eu n√£o vejo outro caminho para sair da crise‚Äù",https://twitter.com/joaogoulart54/statuses/1040236490511577088,13,41,"Twitter Web Client"
joaogoulart54,"ID 1039963932893618177","Wed Sep 12 19:48:17 +0000 2018","""Muitas f√°bricas brasileiras est√£o ociosas, tendo preju√≠zos devido √†s facilidades dadas √†s importa√ß√µes. N√£o podemos prejudicar a ind√∫stria nacional. Para evitar que isso aconte√ßa, vamos taxar os produtos importados que tenham similares fabricados no Brasil.‚Äù",https://twitter.com/joaogoulart54/statuses/1039963932893618177,10,24,"Twitter for Android"
joaogoulart54,"ID 1039850455248134144","Wed Sep 12 12:17:22 +0000 2018","""O debate eleitoral est√° fora de foco. Fala-se em desigualdade social, mas nenhum de meus concorrentes defende aumentar sal√°rios. Estou convicto que o Brasil s√≥ sai da crise com a eleva√ß√£o do sal√°rio m√≠nimo. Nosso m√≠nimo √© um dos menores do mundo. Vou duplic√°-lo em 4 anos""",https://twitter.com/joaogoulart54/statuses/1039850455248134144,21,63,"Twitter for Android"
joaogoulart54,"ID 1039648763822923777","Tue Sep 11 22:55:55 +0000 2018","Defendo a Previd√™ncia p√∫blica. Os candidatos ligados a bancos querem que estes se apoderem das aposentadorias para jog√°-las na especula√ß√£o, sem dar nenhuma garantia a seus donos. Onde isso ocorreu foi um desastre. Os demais postulantes n√£o se ap√µem a esse modelo. Eu n√£o aceito!",https://twitter.com/joaogoulart54/statuses/1039648763822923777,15,39,"Twitter Web Client"
joaogoulart54,"ID 1039606962353319937","Tue Sep 11 20:09:49 +0000 2018","Na sexta-feira (14/09) participo da sabatina G1/CBN. De amanh√£ at√© quinta-feira, voc√™ pode mandar perguntas para mim nas suas redes sociais. Basta publicar com as hashtags #JangoFilho54Responde #cbng1. Eles selecionar√£o algumas para que eu responda durante a sabatina. https://t.co/qPdRVHpReb",https://twitter.com/joaogoulart54/statuses/1039606962353319937,5,10,"Twitter for Android"
joaogoulart54,"ID 1039348812375052289","Tue Sep 11 03:04:01 +0000 2018","https://t.co/ykamuQxgju via @YouTube",https://twitter.com/joaogoulart54/statuses/1039348812375052289,7,12,"Twitter Web Client"
joaogoulart54,"ID 1039334571098210304","Tue Sep 11 02:07:26 +0000 2018","Em nome do povo, em nome da P√°tria Livre. Hoje e sempre, Jo√£o Goulart. 

#DePaiPraFilho #JangoFilhoPresidente https://t.co/FvsjJlNBTU",https://twitter.com/joaogoulart54/statuses/1039334571098210304,8,21,"Twitter Web Client"
joaogoulart54,"ID 1039127160957624320","Mon Sep 10 12:23:15 +0000 2018","Estado atuante, trabalhador fortalecido. 

P√°tria Livre, venceremos! 

#S√©rieBatendoOCart√£o #BomDia #QuemGostadoBrasilVota54 https://t.co/zZwWCSaiPF",https://twitter.com/joaogoulart54/statuses/1039127160957624320,5,19,"Twitter for Android"
joaogoulart54,"ID 1038935240838979587","Sun Sep 09 23:40:38 +0000 2018","Um homem simples, atento √†s necessidades do outro, alheio ao ego, distante das armadilhas do consumo. Assim era Jango, meu pai.

#DePaipraFilho #JangoFilhoPresidente https://t.co/WGQGcguBRc",https://twitter.com/joaogoulart54/statuses/1038935240838979587,6,19,"Twitter Web Client"
joaogoulart54,"ID 1038799328683405312","Sun Sep 09 14:40:34 +0000 2018","Hoje estivemos na Feira Hippie de Belo Horizonte, local simb√≥lico para a cidade. Ao lado da candidata a deputada estadual pelo PPL, Vera da Feirinha, ouvimos os feirantes e suas demandas. Estamos com voc√™s na luta por condi√ß√µes justas de trabalho.

Fotos: Alexandre C Mota https://t.co/BhEHQQro6F",https://twitter.com/joaogoulart54/statuses/1038799328683405312,5,27,"Twitter for Android"
joaogoulart54,"ID 1038544528511299584","Sat Sep 08 21:48:05 +0000 2018","Obrigado ao povo de Parelheiros pela recep√ß√£o calorosa. Voc√™s fortalecem nossa caminhada e nossa cren√ßa de que √© poss√≠vel construir um Brasil com oportunidade para todos. 

P√°tria Livre, venceremos! 

#JangoFilhoemSP #QuemGostadoBrasilVota54 

Fotos: Vicente Goulart https://t.co/u6SjdbudPY",https://twitter.com/joaogoulart54/statuses/1038544528511299584,5,23,"Twitter for Android"
joaogoulart54,"ID 1038224919887261696","Sat Sep 08 00:38:04 +0000 2018","P√°tria amada, Brasil! 

#JangoFilhoPresidente54 #QuemGostaDoBrasilVotaNele https://t.co/B7GwMRcIv9",https://twitter.com/joaogoulart54/statuses/1038224919887261696,3,19,"Twitter for Android"
joaogoulart54,"ID 1038122834365755392","Fri Sep 07 17:52:25 +0000 2018","Ontem, em visita a Guarulhos na grande S√£o Paulo, estive na f√°brica Modine. Tive o prazer de conversar com os funcion√°rios, lideran√ßas e conhecer mais suas demandas. https://t.co/8SrquLEEE5",https://twitter.com/joaogoulart54/statuses/1038122834365755392,4,20,"Twitter Web Client"
joaogoulart54,"ID 1038119532584419328","Fri Sep 07 17:39:18 +0000 2018","Jo√£o Goulart Filho - Compromisso com a Democracia https://t.co/PwfejePpjQ via @YouTube",https://twitter.com/joaogoulart54/statuses/1038119532584419328,8,7,"Twitter Web Client"
joaogoulart54,"ID 1037883529353457664","Fri Sep 07 02:01:30 +0000 2018","Vamos discutir como libertar o Brasil! https://t.co/KN6Irli2Qj",https://twitter.com/joaogoulart54/statuses/1037883529353457664,4,13,"Twitter for Android"
joaogoulart54,"ID 1037809446985060352","Thu Sep 06 21:07:08 +0000 2018","Repudiamos todo ato de viol√™ncia contra qualquer ser humano. Quem j√° sentiu na carne a crueldade da viol√™ncia n√£o pode compactuar com tais atos. Esperamos uma apura√ß√£o c√©lere e puni√ß√£o exemplar dos respons√°veis.",https://twitter.com/joaogoulart54/statuses/1037809446985060352,73,329,"Twitter for Android"
joaogoulart54,"ID 1037516056154263552","Thu Sep 06 01:41:18 +0000 2018","Prosseguir, acreditar e construir um Brasil mais justo. 

Avante, P√°tria Livre! 

#JangoFilho54 #QuemGostadoBrasilVotaNele https://t.co/HHBAwYlcwC",https://twitter.com/joaogoulart54/statuses/1037516056154263552,4,17,"Twitter for Android"
joaogoulart54,"ID 1037375560190767105","Wed Sep 05 16:23:01 +0000 2018","Apesar de minhas diferen√ßas com o presidente Macri, da Argentina, n√£o posso deixar de parabeniz√°-lo pela decis√£o de instituir imposto sobre a exporta√ß√£o de produtos agr√≠colas. N√£o faz nenhum sentido o agroneg√≥cio, que exporta praticamente tudo que produz, n√£o pagar imposto",https://twitter.com/joaogoulart54/statuses/1037375560190767105,5,35,"Twitter for Android"
joaogoulart54,"ID 1037362123897298945","Wed Sep 05 15:29:38 +0000 2018","Meritocracia entre desiguais e ajuste fiscal achatando sal√°rios para beneficiar bancos. Essas s√£o propostas de outros candidatos.
Ontem, na entrevista √† Empresa Brasil de Comunica√ß√£o (EBC), falei sobre o que nossa candidatura pensa e far√° sobre essas quest√µes.
#JangoFilho54 https://t.co/3cq1NLlNla",https://twitter.com/joaogoulart54/statuses/1037362123897298945,8,28,"Twitter for Android"
joaogoulart54,"ID 1037143766837211136","Wed Sep 05 01:01:57 +0000 2018","Hoje, em entrevista √† EBC, falei de nossas propostas para um Brasil mais justo e igualit√°rio.

Para ver os destaques, acesse https://t.co/R57nWMKghC

#JangoFilhonaEBC #QuemGostaDoBrasilVota54 https://t.co/63prurS8iD",https://twitter.com/joaogoulart54/statuses/1037143766837211136,5,23,"Twitter for Android"
joaogoulart54,"ID 1037054819444436992","Tue Sep 04 19:08:31 +0000 2018","Daqui a pouco, √†s 17h30, serei o candidato entrevistado na sabatina da EBC. Convido voc√™ a assistir ao vivo as nossas propostas para um Brasil mais justo e igualit√°rio. Acompanhe ao vivo https://t.co/QdIwJR0XsK.  #JangoFilhonaEBC #AoVivo #Elei√ß√µes2018",https://twitter.com/joaogoulart54/statuses/1037054819444436992,5,8,"Twitter for Android"
joaogoulart54,"ID 1036974515639726080","Tue Sep 04 13:49:25 +0000 2018","Sobre o tempo, lembran√ßas e aprendizados. 

#JangoFilho #QuemGostadoBrasilVotaNele https://t.co/V3a4Robpxx",https://twitter.com/joaogoulart54/statuses/1036974515639726080,5,15,"Twitter for Android"
joaogoulart54,"ID 1036438705588895744","Mon Sep 03 02:20:18 +0000 2018","O inc√™ndio do Museu Nacional √© um crime contra o patrim√¥nio brasileiro, que tem culpados: os cortes dos √∫ltimos governos √† ci√™ncia, √† cultura, √† educa√ß√£o",https://twitter.com/joaogoulart54/statuses/1036438705588895744,39,185,"Twitter for Android"
joaogoulart54,"ID 1036260880516882432","Sun Sep 02 14:33:41 +0000 2018",https://t.co/A5lNbR5tmE,https://twitter.com/joaogoulart54/statuses/1036260880516882432,8,17,"Twitter for Android"
joaogoulart54,"ID 1035954597901287424","Sat Sep 01 18:16:37 +0000 2018","O agroneg√≥cio j√° atingiu sua maioridade. N√£o se sai da crise s√≥ com esse modelo de exporta√ß√£o de monocultura. N√≥s daremos prioridade √† Agricultura Familiar com reforma agr√°ria e assist√™ncia t√©cnica digna. √â preciso desenvolver o mercado interno gerando renda.
#JangoFilho54 https://t.co/i0dsBk0IHp",https://twitter.com/joaogoulart54/statuses/1035954597901287424,10,59,"Twitter for Android"
joaogoulart54,"ID 1035913949496193030","Sat Sep 01 15:35:06 +0000 2018",https://t.co/eRDV8ZCztf,https://twitter.com/joaogoulart54/statuses/1035913949496193030,10,27,"Twitter Web Client"
joaogoulart54,"ID 1035893506827591680","Sat Sep 01 14:13:52 +0000 2018",https://t.co/mkbYcB7Oqn,https://twitter.com/joaogoulart54/statuses/1035893506827591680,6,11,"Twitter Web Client"
joaogoulart54,"ID 1035687771699126273","Sat Sep 01 00:36:21 +0000 2018","Coragem e determina√ß√£o para enfrentar os obst√°culos. Optar pelo mais f√°cil, jamais.
#JangoFilhoPresidente54 #QuemGostadoBrasilVotaNele https://t.co/Huv21rwwuS",https://twitter.com/joaogoulart54/statuses/1035687771699126273,4,10,"Twitter for Android"
joaogoulart54,"ID 1035650730949046273","Fri Aug 31 22:09:10 +0000 2018","Defendemos a amplia√ß√£o da capacidade de investimento no Estado eliminando as isen√ß√µes feitas irresponsavelmente. 

#CompromissoJangoFilho54 #QuemGostadoBrasilVotaNele #elei√ß√µes2018 https://t.co/xcxmkAF2ZM",https://twitter.com/joaogoulart54/statuses/1035650730949046273,8,28,"Twitter for Android"
joaogoulart54,"ID 1035599689356402690","Fri Aug 31 18:46:21 +0000 2018","Ind√∫stria recuada, Produto Interno Bruto crescendo apenas 0,2% no segundo trimestre, n√∫meros divulgados hoje pelo IBGE. N√£o aceitamos mais retrocessos! Vamos superar a crise, fortalecer o Estado e cobrar de quem pode pagar: grandes empres√°rios. https://t.co/JPt2y8wiv8",https://twitter.com/joaogoulart54/statuses/1035599689356402690,4,13,"Twitter for Android"
joaogoulart54,"ID 1035599034692628480","Fri Aug 31 18:43:45 +0000 2018","Distribui√ß√£o de renda, justi√ßa social, nacional-desenvolvimentismo. Divulgue essa ideia. Seu apoio √© fundamental para construirmos um Brasil melhor.

#JangoFilhonaTV #QuemGostadoBrasilVota54 #Elei√ß√µes2018 https://t.co/yL0JxjZhDW",https://twitter.com/joaogoulart54/statuses/1035599034692628480,11,36,"Twitter for Android"
joaogoulart54,"ID 1035527812822777856","Fri Aug 31 14:00:44 +0000 2018","7 de cada 10 alunos do 3¬∫ ano n√£o atingiram o n√≠vel m√≠nimo de aprendizagem, aponta pesquisa do Saeb. O ensino m√©dio est√° falido, mas vamos lutar at√© o fim para reverter essa triste situa√ß√£o. https://t.co/eYQoicIvBO",https://twitter.com/joaogoulart54/statuses/1035527812822777856,7,29,"Twitter for Android"
joaogoulart54,"ID 1035524012091289600","Fri Aug 31 13:45:38 +0000 2018","Hoje e sempre: Leonel Brizola, grande defensor da educa√ß√£o e da justi√ßa social. 

#S√©rieBatendooCart√£o #BomDia #JangoFilho54 https://t.co/ZdHeeMUMOU",https://twitter.com/joaogoulart54/statuses/1035524012091289600,9,20,"Twitter for Android"
joaogoulart54,"ID 1035294520521510913","Thu Aug 30 22:33:43 +0000 2018","A terceiriza√ß√£o irrestrita, aprovada hoje pelo STF, vai precarizar ainda mais o trabalho no Brasil. N√£o podemos andar para tr√°s. Meu compromisso, como presidente da rep√∫blica, √© proibir a terceiriza√ß√£o da atividade fim. O povo merece respeito! 

#CompromissoJangoFilho https://t.co/lzk576fc2d",https://twitter.com/joaogoulart54/statuses/1035294520521510913,30,51,"Twitter for Android"
joaogoulart54,"ID 1035271660067348481","Thu Aug 30 21:02:52 +0000 2018","Acompanhe nossa agenda de amanh√£ em S√£o Paulo. 

#Jo√£oGoulartFilho54 #QuemGostadoBrasilVotaNele #Elei√ß√µes2018 https://t.co/21pUwTxTMV",https://twitter.com/joaogoulart54/statuses/1035271660067348481,3,11,"Twitter for Android"
joaogoulart54,"ID 1035251903540731904","Thu Aug 30 19:44:22 +0000 2018",https://t.co/eecmM50hJZ,https://twitter.com/joaogoulart54/statuses/1035251903540731904,2,7,"Twitter Web Client"
joaogoulart54,"ID 1034958780306542593","Thu Aug 30 00:19:36 +0000 2018","Meu compromisso √© com o povo, com aqueles que mais precisam. A luta continua! 

#jo√£ogoulartfilho54 https://t.co/QeoCnsfFFx",https://twitter.com/joaogoulart54/statuses/1034958780306542593,3,16,"Twitter for Android"
joaogoulart54,"ID 1034883373246963712","Wed Aug 29 19:19:58 +0000 2018","A super-explora√ß√£o do trabalho feminino est√° com os dias contados. Venha conhecer nossa proposta de governo, acesse https://t.co/Qnis4Tjxod

#CompromissoJangoFilho54 #QuemGostadoBrasilVotaNele https://t.co/vhYac586hx",https://twitter.com/joaogoulart54/statuses/1034883373246963712,11,20,"Twitter Web Client"
joaogoulart54,"ID 1034804136699670528","Wed Aug 29 14:05:06 +0000 2018","Vamos revogar a Emenda Constitucional 95, que congela por 20 anos os gastos prim√°rios do governo na √°rea social. 
O engessamento dos gastos prim√°rios do governo ser√° anulado em nosso governo. Esse √© o compromisso.
#compromissoJangoFilho54 #quemgostadobrasilvotanele https://t.co/AiD4aBGxKm",https://twitter.com/joaogoulart54/statuses/1034804136699670528,8,20,"Twitter for Android"
joaogoulart54,"ID 1034607488639934466","Wed Aug 29 01:03:42 +0000 2018","O TSE acaba de homologar o registro de minha candidatura a presidente da rep√∫blica pelo Partido P√°tria Livre. Agrade√ßo a todos que fortalecem essa caminhada e aos ensinamentos do meu pai, Jo√£o Goulart, sempre na mem√≥ria: a luta continua! https://t.co/U6dwtTsO8y",https://twitter.com/joaogoulart54/statuses/1034607488639934466,5,24,"Twitter Web Client"
joaogoulart54,"ID 1034563222408450049","Tue Aug 28 22:07:48 +0000 2018","‚ÄúVamos dar um pouco de farinha para cada brasileiro, para que cada um fa√ßa o seu bolo. E n√£o concentrar a renda na m√£o dos grandes grupos financeiros.
Vamos dobrar o sal√°rio m√≠nimo real em quatro anos, melhorar as aposentadorias e distribuir renda. 
https://t.co/nOeSAN3Jv9",https://twitter.com/joaogoulart54/statuses/1034563222408450049,8,13,"Twitter Web Client"
joaogoulart54,"ID 1034495946116276226","Tue Aug 28 17:40:28 +0000 2018","Estive ontem, segunda-feira, com o presidente da Federa√ß√£o Nacional dos Policiais Federais, Luiz Ant√¥nio Boudens, em Bras√≠la. Juntos vimos que, para reduzir a viol√™ncia, o Estado tem que estar mais presente nas comunidades https://t.co/ViqwFV7vzx",https://twitter.com/joaogoulart54/statuses/1034495946116276226,5,15,"Twitter Web Client"
joaogoulart54,"ID 1034416848740212736","Tue Aug 28 12:26:09 +0000 2018","@willbodenmuller @alvarodias_ @meirelles @cirogomes @geraldoalckmin @LulaOficial @jairbolsonaro @GuilhermeBoulos @CaboDaciolo @MarinaSilva @joaoamoedonovo @Eymaeloficial @verapstu Eu topo um debate igualit√°rio pela internet e vcs?",https://twitter.com/joaogoulart54/statuses/1034416848740212736,0,0,"Twitter for Android"
joaogoulart54,"ID 1034152037167054848","Mon Aug 27 18:53:53 +0000 2018","‚ÄúUrge retomar o esp√≠rito pacificador de Caxias‚Äù, afirmou o comandante do Ex√©rcito, general Villas B√¥as, no s√°bado, 25 de agosto, dia do Soldado. Concordo e acrescento que ele foi elevado √† condi√ß√£o de Patrono do Ex√©rcito pelo Decreto 51.429, de 1962, do presidente Jo√£o Goulart.",https://twitter.com/joaogoulart54/statuses/1034152037167054848,3,5,"Twitter Web Client"
joaogoulart54,"ID 1033026459982614528","Fri Aug 24 16:21:15 +0000 2018","O Brasil amanhece triste com a not√≠cia da morte de Jo√£o das Neves, expoente do Teatro brasileiro. Solidarizo-me com o pesar dos familiares e amigos.",https://twitter.com/joaogoulart54/statuses/1033026459982614528,2,7,"Twitter for Android"
joaogoulart54,"ID 1032746267368140800","Thu Aug 23 21:47:52 +0000 2018",https://t.co/7VUMoa5Y10,https://twitter.com/joaogoulart54/statuses/1032746267368140800,0,13,"Twitter for Android"
joaogoulart54,"ID 1032317574946729984","Wed Aug 22 17:24:24 +0000 2018","RT @maiquelrosauro: O candidato a presid√™ncia da Rep√∫blica, @joaogoulart54, visitou Santa Maria s√°bado. Confira algumas de suas ideias para‚Ä¶",https://twitter.com/joaogoulart54/statuses/1032317574946729984,2,0,"Twitter for Android"
joaogoulart54,"ID 1032095506191798274","Wed Aug 22 02:41:58 +0000 2018","NOTA DE FALECIMENTO

√â com muito pesar que informo o falecimento do nosso estimado Camarada  PEDRO AC√ÅCIO CAMATA, figura exemplar de cidad√£o e companheiro, que relevantes servi√ßos prestou ao nosso PPL e muito querido por nossa milit√¢ncia.
Meus sentimentos a fam√≠lia Camata.",https://twitter.com/joaogoulart54/statuses/1032095506191798274,0,9,"Twitter for Android"
joaogoulart54,"ID 1032072550732509187","Wed Aug 22 01:10:45 +0000 2018","S√≥ pra ressaltar, meu twitter √© esse aqui o @joaogoulart54 ! o @JoaoGoulartPDT foi criado por terceiros! #joaogoulartfilho54 #joaogoulartfilhopresidente #joaogoulart #ppl54",https://twitter.com/joaogoulart54/statuses/1032072550732509187,1,5,"Twitter Web Client"
joaogoulart54,"ID 993173465795526656","Sun May 06 16:59:41 +0000 2018","Opini√£o p√∫blica: MANIFESTO EM APOIO A CONSTRU√á√ÉO DO MEMORIAL DA LIBERDADE E DEMOCRACIA PRESIDENTE JO√ÉO GOULART - Assine a peti√ß√£o! https://t.co/XWVf25LeXD via @change_br",https://twitter.com/joaogoulart54/statuses/993173465795526656,1,5,"Twitter Web Client"
joaogoulart54,"ID 970086521444421632","Sun Mar 04 00:00:24 +0000 2018","Monop√≥lios estrangeiros s√≥ querem sangrar nosso pa√≠s, diz Jo√£o Vicente https://t.co/4oue36BFC1",https://twitter.com/joaogoulart54/statuses/970086521444421632,3,6,"Twitter Web Client"
joaogoulart54,"ID 665605658209861632","Sat Nov 14 19:02:09 +0000 2015","Congresso Nacional: Impe√ßa o gasto de 400 milh√µes de reais pela C√¢mara dos Deputados! - Assine o a... https://t.co/3jd77odgKo via @change_br",https://twitter.com/joaogoulart54/statuses/665605658209861632,2,3,"Twitter Web Client"
joaogoulart54,"ID 644235735667712000","Wed Sep 16 19:45:43 +0000 2015",http://t.co/WeMZHK4rE5,https://twitter.com/joaogoulart54/statuses/644235735667712000,0,2,"Twitter for Android"
joaogoulart54,"ID 641061779590787074","Tue Sep 08 01:33:33 +0000 2015","@EveraldoVeupt magn√≠fica foto, n√£o conhcia",https://twitter.com/joaogoulart54/statuses/641061779590787074,0,1,"Twitter for Android"
joaogoulart54,"ID 641018624455610368","Mon Sep 07 22:42:04 +0000 2015",http://t.co/XjRxCQm0Qb,https://twitter.com/joaogoulart54/statuses/641018624455610368,0,1,"Twitter for Android"
joaogoulart54,"ID 623217676660441088","Mon Jul 20 19:47:27 +0000 2015","Mais uma viol√™ncia no DF contra Jango
http://t.co/BbPAoLV9tr",https://twitter.com/joaogoulart54/statuses/623217676660441088,0,2,"Twitter for Android"
joaogoulart54,"ID 622833312260849664","Sun Jul 19 18:20:07 +0000 2015","@lucas_rivas @RdGuaibaOficial 
Ele dizia estar na Argentina! O Uruguai pede sua extradi√ß√£o.",https://twitter.com/joaogoulart54/statuses/622833312260849664,1,1,"Twitter for Android"
joaogoulart54,"ID 622228343467937792","Sat Jul 18 02:16:12 +0000 2015","@ChicoSantAnna 
V√≠ sim @ChicoSantAnna olha essa minha mat√©ria http://t.co/u8w9l12aBt",https://twitter.com/joaogoulart54/statuses/622228343467937792,0,1,"Twitter Web Client"
joaogoulart54,"ID 622227921252536320","Sat Jul 18 02:14:31 +0000 2015","@ChicoSantAnna @joaovgoulart64",https://twitter.com/joaogoulart54/statuses/622227921252536320,0,1,"Twitter Web Client"
joaogoulart54,"ID 613736208099901441","Wed Jun 24 15:51:29 +0000 2015","Mais uma vez o pautado. 

governo Rollemberg aciona o MPDft contra o Instituto Jo√£o Goulart.",https://twitter.com/joaogoulart54/statuses/613736208099901441,0,1,"Twitter for Android"
